{
  "main": {
    "id": "85c38b8acf8e2307",
    "type": "split",
    "children": [
      {
        "id": "277a3f90c3410389",
        "type": "tabs",
        "children": [
          {
            "id": "6335f3ef260f023a",
            "type": "leaf",
            "state": {
              "type": "markdown",
              "state": {
                "file": "research/alchemy.md",
                "mode": "preview",
                "source": false
              }
            }
          },
          {
            "id": "c407c4d48ccae43e",
            "type": "leaf",
            "state": {
              "type": "markdown",
              "state": {
                "file": "TTRPG/mechanics/homebrew/Puca.md",
                "mode": "preview",
                "source": false
              }
            }
          },
          {
            "id": "153fe542e342555e",
            "type": "leaf",
            "state": {
              "type": "markdown",
              "state": {
                "file": "Daily_Notes/2311 45.md",
                "mode": "source",
                "source": false
              }
            }
          }
        ],
        "currentTab": 2
      }
    ],
    "direction": "vertical"
  },
  "left": {
    "id": "e749989699722ce9",
    "type": "mobile-drawer",
    "children": [
      {
        "id": "8f349183db6345a7",
        "type": "leaf",
        "state": {
          "type": "file-explorer",
          "state": {
            "sortOrder": "alphabetical"
          }
        }
      },
      {
        "id": "29265bd8a0aa4e03",
        "type": "leaf",
        "state": {
          "type": "search",
          "state": {
            "query": "tag:#research",
            "matchingCase": false,
            "explainSearch": false,
            "collapseAll": false,
            "extraContext": false,
            "sortOrder": "alphabetical"
          }
        }
      },
      {
        "id": "15ca5f0082bafbcd",
        "type": "leaf",
        "state": {
          "type": "tag",
          "state": {
            "sortOrder": "frequency",
            "useHierarchy": true
          }
        }
      },
      {
        "id": "532ebdb83cbdf3fb",
        "type": "leaf",
        "state": {
          "type": "bookmarks",
          "state": {}
        }
      }
    ],
    "currentTab": 0
  },
  "right": {
    "id": "4ac76c3457d60c30",
    "type": "mobile-drawer",
    "children": [
      {
        "id": "0b4920fc7ccdbd61",
        "type": "leaf",
        "state": {
          "type": "backlink",
          "state": {
            "file": "Daily_Notes/2311 45.md",
            "collapseAll": false,
            "extraContext": false,
            "sortOrder": "alphabetical",
            "showSearch": false,
            "searchQuery": "",
            "backlinkCollapsed": false,
            "unlinkedCollapsed": true
          }
        }
      },
      {
        "id": "e00bbe2e186cb567",
        "type": "leaf",
        "state": {
          "type": "outgoing-link",
          "state": {
            "file": "Daily_Notes/2311 45.md",
            "linksCollapsed": false,
            "unlinkedCollapsed": true
          }
        }
      },
      {
        "id": "f6dd803d81273536",
        "type": "leaf",
        "state": {
          "type": "outline",
          "state": {
            "file": "Daily_Notes/2311 45.md"
          }
        }
      }
    ],
    "currentTab": 0
  },
  "left-ribbon": {
    "hiddenItems": {
      "switcher:Open quick switcher": false,
      "graph:Open graph view": false,
      "canvas:Create new canvas": false,
      "daily-notes:Open today's daily note": false,
      "templates:Insert template": false,
      "command-palette:Open command palette": false
    }
  },
  "active": "153fe542e342555e",
  "lastOpenFiles": [
    "research/alchemy.md",
    "Daily_Notes/2311 45.md",
    "Daily_Notes/2310 43.md",
    "V birthday party one shot.md",
    "Daily_Notes/2310 42.md",
    "Daily_Notes/2310 41.md",
    "Daily_Notes/2310 40.md",
    "v_dnd_club/valda bard spells.md",
    "Daily_Notes/2310 39.md",
    "Devops strategy.md",
    "Daily_Notes/2309 39.md",
    "blah.md",
    "blah2.md",
    "v_dnd_club/bard_srd.md",
    "v_dnd_club/puca.md",
    "v_dnd_club/bard spells.md",
    "v_dnd_club",
    "Daily_Notes/2309 38.md",
    "Daily_Notes/2309 37.md",
    "research/language tree.md",
    "SEP.md",
    "Templates/Daily_Note_Template.md",
    "research/Planegea.md",
    "TTRPG/mechanics/homebrew/Puca.md",
    "tasks/Research Tasks.md",
    "A starting point.md",
    "TTRPG/Campaign/DM Campaign Codex.md",
    "Fabula ultima,md",
    "locations",
    "mechanics/SRD5e",
    "Daily_Notes/Old_Daily_Notes",
    "pcs",
    "Campaign",
    "sessions",
    "mechanics",
    "NomadBackground",
    "Sundered_Night_Errant/Canvas.canvas"
  ]
}